use master;
GO

if exists (select name from master.dbo.sysdatabases where name = N'rsr19a')
drop database rsr19a;
GO

if not exists (select name from master.dbo.sysdatabases where name = N'rsr19a')
create database rsr19a;
GO

use rsr19a;
GO

-- -------------------------------------
-- Table person
-- -------------------------------------

if OBJECT_ID (N'dbo.person', N'U') is not null
drop table dbo.person;
GO

create table dbo.person(
    per_id smallint not null identity(1,1),
    per_ssn binary(64) null,
    per_salt binary(64) null,
    per_fname varchar(15) not null,
    per_lname varchar(30) not null,
    per_gender char(1) not null check (per_gender IN('m','f')),
    per_dob date not null,
    per_street varchar(30) not null,
    per_city varchar(30) not null,
    per_state char(2) not null default 'FL',
    per_zip int not null check (per_zip like '[0-9][0-9][0-9][0-9][0-9][0-9][0-9][0-9][0-9]'),
    per_email varchar(100) null,
    per_type char(1) not null check (per_type in('c','s')),
    per_notes varchar(45) null,
    primary key (per_id),

    constraint ux_per_ssn unique nonclustered (per_ssn ASC)
);
GO

-- -------------------------------------
-- Table phone
-- -------------------------------------
if OBJECT_ID (N'dbo.phone', N'U') is not null
drop table dbo.phone;
GO

create table dbo.phone(
    phn_id smallint not null identity(1,1),
    per_id smallint not null,
    phn_num bigint not null check (phn_num like '[0-9][0-9][0-9][0-9][0-9][0-9][0-9][0-9][0-9][0-9]'),
    phn_type char(1) not null check (phn_type in('h','c','w','f')),
    phn_notes varchar(255) null,
    primary key (phn_id),

    constraint fk_phone_person
    foreign key (per_id)
    references dbo.person (per_id)
    on delete cascade
    on update cascade
);
GO

-- -------------------------------------
-- Table customer
-- -------------------------------------
if OBJECT_ID (N'dbo.customer', N'U') is not null
drop table dbo.customer;
GO

create table dbo.customer(
    per_id smallint not null,
    cus_balance decimal(7,2) not null check (cus_balance >= 0),
    cus_total_sales decimal(7,2) not null check (cus_total_sales >= 0),
    cus_notes varchar(45) null,
    primary key (per_id),

    constraint fk_customer_person
    foreign key (per_id)
    references dbo.person (per_id)
    on delete cascade
    on update cascade
);
GO

-- -------------------------------------
-- Table slsrep
-- -------------------------------------
if OBJECT_ID (N'dbo.slsrep', N'U') is not null
drop table dbo.slsrep;
GO

create table dbo.slsrep(
    per_id smallint not null,
    srp_yr_sales_goal decimal(8,2) not null check (srp_yr_sales_goal >= 0),
    srp_ytd_sales decimal(8,2) not null check (srp_ytd_sales >= 0),
    srp_ytd_comm decimal(7,2) not null check (srp_ytd_comm >= 0),
    srp_notes varchar(45) null,
    primary key (per_id),

    constraint fk_slsrep_person
    foreign key (per_id)
    references dbo.person (per_id)
    on delete cascade
    on update cascade
);
GO

-- -------------------------------------
-- Table srp_hist
-- -------------------------------------

if OBJECT_ID (N'dbo.srp_hist', N'U') is not null
drop table dbo.srp_hist;
GO

create table dbo.srp_hist(
    sht_id smallint not null identity(1,1),
    per_id smallint not null,
    sht_type char(1) not null check (sht_type in('i','u','d')),
    sht_modified datetime not null,
    sht_modifier varchar(45) not null default system_user,
    sht_date date not null default getDate(),
    sht_yr_sales_goal decimal(8,2) not null check (sht_yr_sales_goal >= 0),
    sht_ytd_sales decimal(8,2) not null check (sht_ytd_sales >= 0),
    sht_ytd_comm decimal(7,2) not null check (sht_ytd_comm >= 0),
    sht_notes varchar(45) null,
    primary key (sht_id),

    constraint fk_srp_hist_slsrep
    foreign key (per_id)
    references dbo.slsrep (per_id)
    on delete cascade
    on update cascade
);
GO

-- -------------------------------------
-- Table contact
-- -------------------------------------
if OBJECT_ID (N'dbo.contact', N'U') is not null
drop table dbo.contact;
GO

create table dbo.contact(
    cnt_id int not null identity(1,1),
    per_cid smallint not null,
    per_sid smallint not null,
    cnt_date datetime not null,
    cnt_notes varchar(255) null,
    primary key (cnt_id),

    constraint fk_contact_customer
    foreign key (per_cid)
    references dbo.customer (per_id)
    on delete cascade
    on update cascade,
    
    constraint fk_contact_slsrep
    foreign key (per_sid)
    references dbo.slsrep (per_id)
    on delete no action
    on update no action
);
GO

-- -------------------------------------
-- Table [order]
-- -------------------------------------
if OBJECT_ID (N'dbo.[order]', N'U') is not null
drop table dbo.[order];
GO

create table dbo.[order](
    ord_id int not null identity(1,1),
    cnt_id int not null,
    ord_placed_date datetime not null,
    ord_filled_date datetime null,
    ord_notes varchar(255) null,
    primary key (ord_id),

    constraint fk_order_contact
    foreign key (cnt_id)
    references dbo.contact (cnt_id)
    on delete cascade
    on update cascade
);
GO

-- -------------------------------------
-- Table store
-- -------------------------------------
if OBJECT_ID (N'dbo.store', N'U') is not null
drop table dbo.store;
GO

create table dbo.store(
    str_id smallint not null identity(1,1),
    str_name varchar(45) not null,
    str_street varchar(30) not null,
    str_city varchar(30) not null,
    str_state char(2) not null default 'FL',
    str_zip int not null check (str_zip like '[0-9][0-9][0-9][0-9][0-9][0-9][0-9][0-9][0-9]'),
    str_phone bigint not null check (str_phone like '[0-9][0-9][0-9][0-9][0-9][0-9][0-9][0-9][0-9][0-9]'),
    str_email varchar(100) not null,
    str_url varchar(100) not null,
    str_notes varchar(255) null,
    primary key (str_id),
);
GO

-- -------------------------------------
-- Table invoice
-- -------------------------------------
if OBJECT_ID (N'dbo.invoice', N'U') is not null
drop table dbo.invoice;
GO

create table dbo.invoice(
    inv_id int not null identity(1,1),
    ord_id int not null,
    str_id smallint not null,
    inv_date datetime not null,
    inv_total decimal(8,2) not null check (inv_total >= 0),
    inv_paid bit not null,
    inv_notes varchar(255) null,
    primary key (inv_id),

    constraint ux_ord_id unique nonclustered (ord_id asc),

    constraint fk_invoice_order
    foreign key (ord_id)
    references dbo.[order] (ord_id)
    on delete cascade
    on update cascade, 

    constraint fk_invoice_store
    foreign key (str_id)
    references dbo.store (str_id)
    on delete cascade
    on update cascade
);
GO

-- -------------------------------------
-- Table payment
-- -------------------------------------
if OBJECT_ID (N'dbo.payment', N'U') is not null
drop table dbo.contact;
GO

create table dbo.payment(
    pay_id int not null identity(1,1),
    inv_id int not null,
    pay_date datetime not null,
    pay_amt decimal(7,2) not null check (pay_amt >= 0),
    pay_notes varchar(255) null,
    primary key (pay_id),

    constraint fk_payment_invoice
    foreign key (inv_id)
    references dbo.invoice (inv_id)
    on delete cascade
    on update cascade
);
GO

-- -------------------------------------
-- Table vendor
-- -------------------------------------
if OBJECT_ID (N'dbo.vendor', N'U') is not null
drop table dbo.vendor;
GO

create table dbo.vendor(
    ven_id smallint not null identity(1,1),
    ven_name varchar(45) not null,
    ven_street varchar(30) not null,
    ven_city varchar(30) not null,
    ven_state char(2) not null default 'FL',
    ven_zip int not null check (ven_zip like '[0-9][0-9][0-9][0-9][0-9][0-9][0-9][0-9][0-9]'),
    ven_phone bigint not null check (ven_phone like '[0-9][0-9][0-9][0-9][0-9][0-9][0-9][0-9][0-9][0-9]'),
    ven_email varchar(100) not null,
    ven_url varchar(100) not null,
    ven_notes varchar(255) null,
    primary key (ven_id)
);
GO

-- -------------------------------------
-- Table product
-- -------------------------------------
if OBJECT_ID (N'dbo.product', N'U') is not null
drop table dbo.product;
GO

create table dbo.product(
    pro_id smallint not null identity(1,1),
    ven_id smallint not null,
    pro_name varchar(30) not null,
    pro_descript varchar(45) null,
    pro_weight float not null check (pro_weight >= 0),
    pro_qoh smallint not null check (pro_qoh >= 0),
    pro_cost decimal(7,2) not null check (pro_cost >= 0),
    pro_price decimal(7,2) not null check (pro_price >= 0),
    pro_discount decimal(3,0) null,
    pro_notes varchar(255) null,
    primary key (pro_id),

    constraint fk_product_vendor
    foreign key (ven_id)
    references dbo.vendor (ven_id)
    on delete cascade
    on update cascade
);
GO

-- -------------------------------------
-- Table product_hist
-- -------------------------------------
if OBJECT_ID (N'dbo.product_hist', N'U') is not null
drop table dbo.product_hist;
GO

create table dbo.product_hist(
    pht_id smallint not null identity(1,1),
    pro_id smallint not null,
    pht_date datetime not null,
    pht_cost decimal(7,2) not null check (pht_cost >= 0),
    pht_price decimal(7,2) not null check (pht_price >= 0),
    pht_discount decimal(3,0) null,
    pht_notes varchar(255) null,
    primary key (pht_id),

    constraint fk_product_hist_product
    foreign key (pro_id)
    references dbo.product (pro_id)
    on delete cascade
    on update cascade
);
GO

-- -------------------------------------
-- Table order_line
-- -------------------------------------
if OBJECT_ID (N'dbo.order_line', N'U') is not null
drop table dbo.order_line;
GO

create table dbo.order_line(
    oln_id int not null identity(1,1),
    ord_id int not null,
    pro_id smallint not null,
    oln_qty smallint not null check (oln_qty >= 0),
    oln_price decimal(7,2) not null check (oln_price >= 0),
    oln_notes varchar(255) null,
    primary key (oln_id),

    constraint fk_order_line_order
    foreign key (ord_id)
    references dbo.[order] (ord_id)
    on delete cascade
    on update cascade,

    constraint fk_order_line_product
    foreign key (pro_id)
    references dbo.product (pro_id)
    on delete cascade
    on update cascade
);
GO

Select * from information_schema.tables;

-- -------------------------------------
-- DATA person
-- -------------------------------------
insert into dbo.person
(per_ssn, per_salt, per_fname, per_lname, per_gender, per_dob, per_street, per_city, per_state, per_zip, per_email, per_type, per_notes)
values
(1, NULL, 'Steve', 'Rogers', 'm', '1923-10-03', '437 Southern Drive', 'Rochester', 'NY', 324402222, 'srogers@comcast.net', 's', NULL), 
(2, NULL, 'Bruce', 'Wayne', 'm', '1968-03-20', '1007 Mountain Drive', 'Gotham', 'NY', 983208440, 'bwayne@knology.net', 's', NULL), 
(3, NULL, 'Peter', 'Parker', 'm', '1988-09-12', '20 Ingram Street', 'New York', 'NY', 102862341, 'pparker©msn.coml', 's', NULL), 
(4, NULL, 'Jane', 'Thompson', 'f', '1978-05-08', '13563 Ocean View Drive', 'Seattle', 'WA', 132084409, 'thompson©gmail.coml', 's', NULL), 
(5, NULL, 'Debra', 'Steele', 'f', '1994-07-19', '543 Oak Ln', 'Milwaukee', 'WI', 286234178, 'dsteele©verizon.net', 's', NULL), 
(6, NULL, 'Tony', 'Smith', 'm', '1972-05-04', '332 Palm Avenue', 'Malibu', 'CA', 902638332, 'tstark©yahoo.com', 'c', NULL), 
(7, NULL, 'Hank', 'Pymi', 'm', '1980-08-28', '2355 Brown Street', 'Cleveland', 'OH', 822348890, 'hpym©aol.com', 'c', NULL), 
(8, NULL, 'Bob', 'Best', 'm', '1992-02-10', '4902 Avendale Avenue', 'Scottsdale', 'AZ', 872638332, 'bbest@yahoo.com', 'c', NULL), 
(9, NULL, 'Sandra', 'Smith', 'f', '1990-01-26', '87912 Lawrence Ave', 'Atlanta', 'GA', 672348890, 'sdole@gmail.com', 'c', NULL), 
(10, NULL, 'Ben', 'Avery', 'm', '1983-12-24', '6432 Thunderbird Ln', 'Sioux Falls', 'SD', 562638332, 'tavery©hotmail.com', 'c', NULL), 
(11, NULL, 'Arthur', 'Curry', 'm', '1975-12-15', '3304 Euclid Avenue', 'Miami', 'FL', 342219932, 'acurry©gmail.con', 'c', NULL), 
(12, NULL, 'Diana', 'Price', 'f', '1980-08-22', '944 Green Street', 'Las Vegas', 'NV', 332048823, 'dprice©symaptico.com', 'c', NULL), 
(13, NULL, 'Adam', 'Smith', 'm', '1995-01-31', '98435 Valencia Dr.', 'Gulf Shores', 'AL', 870219932, 'ajurris@gmx.com', 'c', NULL), 
(14, NULL, 'Judy', 'Sleen', 'f', '1970-03-22', '56343 Rover Ct.', 'Billings', 'MT', 672048823, 'sleen©symaptico.com', 'c', NULL), 
(15, NULL, 'Bill', 'Neiderheim', 'm', '1982-06-13', '43567 Netherland Blvd', 'South Bend', 'IN', 320219932, 'bneiderheim@comcast.net', 'c', NULL); 
GO 

Select * from person;

-- -------------------------------------
-- DATA phone
-- -------------------------------------
insert into dbo.phone
( per_id, phn_num, phn_type, phn_notes)
values
(5, 8508508500, 'h', null), 
(4, 8505005000, 'h', null), 
(3, 8501234567, 'h', null), 
(2, 5615615611, 'h', null), 
(1, 3052221515, 'h', null) 
GO 

Select * from phone;

-- -------------------------------------
-- DATA slsrep
-- -------------------------------------
insert into dbo.slsrep
(per_id, srp_yr_sales_goal, srp_ytd_sales, srp_ytd_comm, srp_notes)
values
(1, 100000, 60000, 1800, null), 
(2, 80000, 35000, 3500, null), 
(3, 150000, 84000, 9650, 'great salesperson'), 
(4, 125000, 87000, 15300, null), 
(5, 98000, 43000, 8750, null)
GO 

Select * from slsrep;

-- -------------------------------------
-- DATA customer
-- -------------------------------------
insert into dbo.customer
(per_id, cus_balance, cus_total_sales, cus_notes)
values
(6, 120, 14789, null), 
(7, 98.45, 234.92, null), 
(8, 0, 4578, null), 
(9, 981.73, 1672.92, 'High Balance'), 
(10, 541.23, 782.57, null)
GO 

Select * from customer;

-- -------------------------------------
-- DATA contact
-- -------------------------------------
insert into dbo.contact
(per_sid, per_cid, cnt_date, cnt_notes)
values
(1, 6, '1999-06-01', null), 
(2, 7, '2002-01-01', null), 
(3, 8, '2005-05-01', null), 
(4, 9, '2009-07-01', null), 
(5, 10, '2015-12-01', null)
GO 

Select * from contact;

-- -------------------------------------
-- DATA [order]
-- -------------------------------------
insert into dbo.[order]
(cnt_id, ord_placed_date, ord_filled_date, ord_notes)
values
(1, '2008-01-01', '2008-01-20', null), 
(2, '2008-02-05', '2008-02-09', null), 
(3, '2008-05-04', '2008-05-28', null), 
(4, '2008-06-01', '2008-06-24', null), 
(5, '2008-11-10', '2008-12-15', null)
GO 

Select * from [order];

-- -------------------------------------
-- DATA store
-- -------------------------------------
insert into dbo.store
(str_name, str_street, str_city, str_state, str_zip, str_phone, str_email, str_url, str_notes)
values
('Walgreens', '14567 Walnut Ln', 'Aspen', 'IL', 475315690, 3127658127, 'info@walgreens.com', 'https://www.walgreens.com', null), 
('CVS', '572 Casper Rd', 'Chicago', 'IL', 505231519, 3218926534, 'help@cvs.com', 'https://www.cvs.com', null), 
('Home Depot', '81309 Catapult Ave', 'Clover', 'WA', 702345671, 9017653421, 'sales@homedepot.com', 'https://www.homedepot.com', null), 
('Walmart', '14567 Walnut Ln', 'St. Louis', 'MO', 372271892, 8722718923, 'info@walmart.com', 'https://www.walmart.com', null), 
('Dollar Tree', '47583 Davidson Rd', 'Detroit', 'MI', 482983456, 3137583492, 'ask@dollartree.com', 'https://www.dollartree.com', null)
GO 

Select * from store;

-- -------------------------------------
-- DATA invoice
-- -------------------------------------
insert into dbo.invoice
(ord_id, str_id, inv_date, inv_total, inv_paid, inv_notes)
values
(5, 1, '2001-05-03', 58.32, 0, null), 
(4, 1, '2006-11-11', 100.059, 0, null), 
(3, 2, '2010-09-16', 57.34, 1, null), 
(2, 4, '2011-01-10', 99.32, 1, null), 
(1, 5, '2008-06-24', 1109.67, 0, null)
GO 

Select * from invoice;

-- -------------------------------------
-- DATA vendor
-- -------------------------------------
insert into dbo.vendor
(ven_name, ven_street, ven_city, ven_state, ven_zip, ven_phone, ven_email, ven_url, ven_notes)
values
('Sysco', '14567 Peanut Ct', 'Orlando', 'FL', 475315690, 3127658127, 'sales@sysco.com', 'https://www.sysco.com', null), 
('General Eletric', '999 Ghost Rd', 'Seattle', 'WA', 505231519, 3218926534, 'sales@ge.com', 'https://www.ge.com', null), 
('Cisco', '45457 Green Ave', 'Boston', 'MA', 802345671, 9017653421, 'sales@cisco.com', 'https://www.cisco.com', null), 
('Goodyear', '4796 Chestnut Ln', 'St. Louis', 'MO', 372271892, 8722718923, 'info@goodyear.com', 'https://www.goodyear.com', null), 
('Snap-On', '20202 Ronaldson Rd', 'Springfield', 'OH', 482983456, 3137583492, 'sales@snapon.com', 'https://www.snapon.com', null)
GO 

Select * from vendor;

-- -------------------------------------
-- DATA product
-- -------------------------------------
insert into dbo.product
(ven_id, pro_name, pro_descript, pro_weight, pro_qoh, pro_cost, pro_price, pro_discount, pro_notes)
values
(1, 'hammer', null, 2.5, 45, 4.99, 7.99, 30, null), 
(2, 'screwdriver', null, 1.8, 120, 1.99, 3.19, null, null), 
(3, 'pail', null, 2.8, 48, 3.89, 7.99, 40, null), 
(4, 'cooking oil', null, 15, 19, 19.99, 28.99, null, 'gallons'), 
(5, 'frying pan', null, 3.5, 178, 8.45, 13.99, 50, null)
GO 

Select * from product;

-- -------------------------------------
-- DATA order_line
-- -------------------------------------
insert into dbo.order_line
(ord_id, pro_id, oln_qty, oln_price, oln_notes)
values
(1, 2, 10, 8.0, null), 
(2, 3, 7, 9.88, null), 
(3, 4, 3, 6.99, null), 
(5, 1, 2, 12.76, null), 
(4, 5, 13, 58.99, null)
GO 

Select * from order_line;

-- -------------------------------------
-- DATA payment
-- -------------------------------------
insert into dbo.payment
(inv_id, pay_date, pay_amt, pay_notes)
values
(5, '2008-07-01', 5.99, null), 
(4, '2010-09-28', 4.99, null), 
(1, '2008-07-23', 8.75, null), 
(3, '2008-10-31', 19.55, null), 
(2, '2008-08-29', 32.5, null)
GO 

Select * from payment;

-- -------------------------------------
-- DATA product_hist
-- -------------------------------------
insert into dbo.product_hist
(pro_id, pht_date, pht_cost, pht_price, pht_discount, pht_notes)
values
(1, '2008-08-29 11:53:30', 4.99, 7.99, 30, null), 
(2, '2005-02-03 23:22:22', 1.99, 3.49, null, null), 
(3, '2008-05-12 09:10:45', 3.89, 7.99, 40, null), 
(4, '2012-12-25 13:18:25', 19.99, 28.99, null, 'gallons'), 
(5, '2015-04-15 18:18:18', 8.45, 13.99, 50, null)
GO 

Select * from product_hist;

-- -------------------------------------
-- DATA srp_hist
-- -------------------------------------
insert into dbo.srp_hist
(per_id, sht_type, sht_modified, sht_modifier, sht_date, sht_yr_sales_goal, sht_ytd_sales, sht_ytd_comm, sht_notes)
values
(1, 'i', getDate(), system_user, getDate(), 100000, 110000, 11000, null), 
(2, 'i', getDate(), system_user, getDate(), 150000, 175000, 17500, null), 
(3, 'u', getDate(), system_user, getDate(), 200000, 185000, 18500, null), 
(4, 'u', getDate(), original_login(), getDate(), 210000, 220000, 22000, null), 
(5, 'i', getDate(), original_login(), getDate(), 230000, 230000, 23000, null)
GO 

Select * from srp_hist;
